id;firstname;lastname;email;phonenumber1;phonenumber2;comment;
"139";"tomas";"tomukas";"tomas@tomas.lt";"+37068748987";"+37068798548";"laba diena";
"140";"tomas";"tomukas";"tomas@tomas.lt";"+37068748987";"+37068798548";"laba diena";
"141";"tomas";"tomukas";"tomas@tomas.lt";"+37068748987";"+37068798548";"laba diena";
"142";"tomas";"tomukas";"tomas@tomas.lt";"+37068748987";"+37068798548";"laba diena";
"143";"tomas";"tomukas";"tomas@tomas.lt";"+37068748987";"+37068798548";"laba diena";
"144";"tomas";"tomukas";"tomas@tomas.lt";"+37068748987";"+37068798548";"laba diena";
"145";"tomas";"tomukas";"tomas@tomas.lt";"+37068748987";"+37068798548";"laba diena";
"146";"tomas";"tomukas";"tomas@tomas.lt";"+37068748987";"+37068798548";"laba diena";
"147";"tomas";"tomukas";"tomas@tomas.lt";"+37068748987";"+37068798548";"laba diena";
"148";"tomas";"tomukas";"tomas@tomas.lt";"+37068748987";"+37068798548";"laba diena";
"149";"tomas";"tomukas";"tomas@tomas.lt";"+37068748987";"+37068798548";"laba diena";
"150";"tomas";"tomukas";"tomas@tomas.lt";"+37068748987";"+37068798548";"laba diena";
"151";"tomas";"tomukas";"tomas@tomas.lt";"+37068748987";"+37068798548";"laba diena";
"152";"tomas";"tomukas";"tomas@tomas.lt";"+37068748987";"+37068798548";"laba diena";
"153";"tomas";"tomukas";"tomas@tomas.lt";"+37068748987";"+37068798548";"laba diena";
"154";"tomas";"tomukas";"tomas@tomas.lt";"+37068748987";"+37068798548";"laba diena";
"155";"tomas";"tomukas";"tomas@tomas.lt";"+37068748987";"+37068798548";"laba diena";
"156";"tomas";"tomukas";"tomas@tomas.lt";"+37068748987";"+37068798548";"laba diena";
"157";"norbe";"grybauskas";"norbe@gryb.lt";"+37065454555";"+37065454555";"labas";
"159";"tomas";"tomukas";"tomas@tomas.lt";"+37068748987";"+37068798548";"laba diena";
"160";"tomas";"tomukas";"tomas@tomas.lt";"+37068748987";"+37068798548";"laba diena";
"161";"tomas";"tomukas";"tomas@tomas.lt";"+37068748987";"+37068798548";"laba diena";
"162";"tomas";"tomukas";"tomas@tomas.lt";"+37068748987";"+37068798548";"laba diena";
"163";"tomas";"tomukas";"tomas@tomas.lt";"+37068748987";"+37068798548";"laba diena";
"164";"tomas";"tomukas";"tomas@tomas.lt";"+37068748987";"+37068798548";"laba diena";
"165";"tomas";"tomukas";"tomas@tomas.lt";"+37068748987";"+37068798548";"laba diena";
"166";"tomas";"tomukas";"tomas@tomas.lt";"+37068748987";"+37068798548";"laba diena";
"167";"tomas";"tomukas";"tomas@tomas.lt";"+37068748987";"+37068798548";"laba diena";
"168";"tomas";"tomukas";"tomas@tomas.lt";"+37068748987";"+37068798548";"laba diena";
"169";"tomas";"tomukas";"tomas@tomas.lt";"+37068748987";"+37068798548";"laba diena";
"170";"tomas";"tomukas";"tomas@tomas.lt";"+37068748987";"+37068798548";"laba diena";
"171";"tomas";"tomukas";"tomas@tomas.lt";"+37068748987";"+37068798548";"laba diena";
"172";"tomas";"tomukas";"tomas@tomas.lt";"+37068748987";"+37068798548";"laba diena";
"173";"tomas";"tomukas";"tomas@tomas.lt";"+37068748987";"+37068798548";"laba diena";
"174";"tomas";"tomukas";"tomas@tomas.lt";"+37068748987";"+37068798548";"laba diena";
"175";"tomas";"tomukas";"tomas@tomas.lt";"+37068748987";"+37068798548";"laba diena";
"176";"tomas";"tomukas";"tomas@tomas.lt";"+37068748987";"+37068798548";"laba diena";
"177";"tomas";"tomukas";"tomas@tomas.lt";"+37068748987";"+37068798548";"laba diena";
"179";"tomas";"tomukas";"tomas@tomas.lt";"+37068748987";"+37068798548";"laba diena";
"180";"tomas";"tomukas";"tomas@tomas.lt";"+37068748987";"+37068798548";"laba diena";
"181";"tomas";"tomukas";"tomas@tomas.lt";"+37068748987";"+37068798548";"laba diena";
"182";"tomas";"tomukas";"tomas@tomas.lt";"+37068748987";"+37068798548";"laba diena";
"183";"tomas";"tomukas";"tomas@tomas.lt";"+37068748987";"+37068798548";"laba diena";
"184";"tomas";"tomukas";"tomas@tomas.lt";"+37068748987";"+37068798548";"laba diena";
"185";"tomas";"tomukas";"tomas@tomas.lt";"+37068748987";"+37068798548";"laba diena";
"186";"tomas";"tomukas";"tomas@tomas.lt";"+37068748987";"+37068798548";"laba diena";
"187";"tomas";"tomukas";"tomas@tomas.lt";"+37068748987";"+37068798548";"laba diena";
"188";"tomas";"tomukas";"tomas@tomas.lt";"+37068748987";"+37068798548";"laba diena";
"189";"tomas";"tomukas";"tomas@tomas.lt";"+37068748987";"+37068798548";"laba diena";
"190";"tomas";"tomukas";"tomas@tomas.lt";"+37068748987";"+37068798548";"laba diena";
"191";"tomas";"tomukas";"tomas@tomas.lt";"+37068748987";"+37068798548";"laba diena";
"192";"tomas";"tomukas";"tomas@tomas.lt";"+37068748987";"+37068798548";"laba diena";
"193";"tomas";"tomukas";"tomas@tomas.lt";"+37068748987";"+37068798548";"laba diena";
"194";"tomas";"tomukas";"tomas@tomas.lt";"+37068748987";"+37068798548";"laba diena";
"195";"tomas";"tomukas";"tomas@tomas.lt";"+37068748987";"+37068798548";"laba diena";
"196";"tomas";"tomukas";"tomas@tomas.lt";"+37068748987";"+37068798548";"laba diena";
"197";"tomas";"tomukas";"tomas@tomas.lt";"+37068748987";"+37068798548";"laba diena";
