firstname,lastname,email,phonenumber1,phonenumber2,comment
tomas,tomukas,tomas@tomas.lt,+37068748987,+37068798548,laba diena
tomas,tomukas,tomas@tomas.lt,+37068748987,+37068798548,laba diena
tomas,tomukas,tomas@tomas.lt,+37068748987,+37068798548,laba diena
tomas,tomukas,tomas@tomas.lt,+37068748987,+37068798548,laba diena
tomas,tomukas,tomas@tomas.lt,+37068748987,+37068798548,laba diena
tomas,tomukas,tomas@tomas.lt,+37068748987,+37068798548,laba diena
tomas,tomukas,tomas@tomas.lt,+37068748987,+37068798548,laba diena
tomas,tomukas,tomas@tomas.lt,+37068748987,+37068798548,laba diena
tomas,tomukas,tomas@tomas.lt,+37068748987,+37068798548,laba diena
tomas,tomukas,tomas@tomas.lt,+37068748987,+37068798548,laba diena
tomas,tomukas,tomas@tomas.lt,+37068748987,+37068798548,laba diena
tomas,tomukas,tomas@tomas.lt,+37068748987,+37068798548,laba diena
tomas,tomukas,tomas@tomas.lt,+37068748987,+37068798548,laba diena
tomas,tomukas,tomas@tomas.lt,+37068748987,+37068798548,laba diena
tomas,tomukas,tomas@tomas.lt,+37068748987,+37068798548,laba diena
tomas,tomukas,tomas@tomas.lt,+37068748987,+37068798548,laba diena
tomas,tomukas,tomas@tomas.lt,+37068748987,+37068798548,laba diena
tomas,tomukas,tomas@tomas.lt,+37068748987,+37068798548,laba diena
tomas,tomukas,tomas@tomas.lt,+37068748987,+37068798548,laba diena
